{"test_acc": 0.7914000153541565, "val_acc": 0.7919999957084656}