{"test_acc": 0.7736999988555908, "val_acc": 0.7723000049591064}