{"test_acc": 0.7426000237464905, "val_acc": 0.7480000257492065}