{"test_acc": 0.7315000295639038, "val_acc": 0.7383000254631042}